{
    "_ColorR": 0.3960784375667572,
    "_ColorG": 0.6623331308364868,
    "_ColorB": 0.8235294222831726,
    "_RampLevels": 50.0,
    "_LightScalar": 0.9100000262260437,
    "_HighColorR": 0.3349056839942932,
    "_HighColorG": 0.9734138250350952,
    "_HighColorB": 1.0,
    "_HighIntensity": 2.619999885559082,
    "_LowColorR": 0.4400142729282379,
    "_LowColorG": 0.9056603908538818,
    "_LowColorB": 0.9009037017822266,
    "_LowIntensity": 1.4299999475479127,
    "_OutlineColorR": 0.0,
    "_OutlineColorG": 0.0,
    "_OutlineColorB": 0.0,
    "_OutlineSize": 10.0,
    "_RimColorR": 1.0,
    "_RimColorG": 1.0,
    "_RimColorB": 1.0,
    "_RimAlpha": 0.0,
    "_RimPower": 0.0,
    "_RimDropOff": 0.0,
    "_FresnelColorR": 1.0,
    "_FresnelColorG": 1.0,
    "_FresnelColorB": 1.0,
    "_FresnelBrightness": 0.0,
    "_FresnelPower": 0.0,
    "_FresnelShadowDropoff": 0.0,
    "_GradYCap": 0.0,
    "_GradIntensity": 0.0
}